variable_UID,name
C70F1921-5ADB-43BF-9300-8F1D77F6469D,[Public Electricity and Heat Production][Biomass][Emissions][CH4][kt][no source][no method][no target][no option][no type]
81AC4B79-B553-45FB-94B5-A37790B77381,[Public Electricity and Heat Production][Biomass][Emissions][N2O][kt][no source][no method][no target][no option][no type]
DB95387B-8A72-4149-82CC-458DD6A87FE0,[Public Electricity and Heat Production][Gaseous Fuels][Emissions][CH4][kt][no source][no method][no target][no option][no type]
7B4E172E-C192-4039-AFB3-01106C020747,[Public Electricity and Heat Production][Gaseous Fuels][Emissions][CO2][kt][no source][no method][no target][no option][no type]
4BEBC907-E0AB-42C2-B555-B8B0D01C86BD,[Public Electricity and Heat Production][Gaseous Fuels][Emissions][N2O][kt][no source][no method][no target][no option][no type]
9062EC16-B947-4446-A54F-5BA3A10A5442,[Public Electricity and Heat Production][Liquid Fuels][Emissions][CH4][kt][no source][no method][no target][no option][no type]
555CDC53-5E74-47FE-B7AC-28707976FEA5,[Public Electricity and Heat Production][Liquid Fuels][Emissions][CO2][kt][no source][no method][no target][no option][no type]
5346155A-8D21-416F-ABBA-67FC088C3553,[Public Electricity and Heat Production][Liquid Fuels][Emissions][N2O][kt][no source][no method][no target][no option][no type]
DE4B7AE5-C1ED-422B-B6B8-D93241282B75,[Public Electricity and Heat Production][Other Fossil Fuels][Emissions][CH4][kt][no source][no method][no target][no option][no type]
2B888230-16E5-4F99-804D-5295B042A4CF,[Public Electricity and Heat Production][Other Fossil Fuels][Emissions][CO2][kt][no source][no method][no target][no option][no type]
63711EB2-4831-43AC-B5AA-E61C57B9EE55,[Public Electricity and Heat Production][Other Fossil Fuels][Emissions][N2O][kt][no source][no method][no target][no option][no type]
E9E6FFC5-840D-48C5-BD83-805F155D515E,[Public Electricity and Heat Production][Peat][Emissions][CH4][kt][no source][no method][no target][no option][no type]
9D1780D9-D162-4DEB-A5F4-1B0BA451BB00,[Public Electricity and Heat Production][Peat][Emissions][CO2][kt][no source][no method][no target][no option][no type]
77DD68A1-47B2-42E9-8514-425A04D2B542,[Public Electricity and Heat Production][Peat][Emissions][N2O][kt][no source][no method][no target][no option][no type]
E4721B22-DAD2-4D85-8EE3-92A15D974FAC,[Public Electricity and Heat Production][Solid Fuels][Emissions][CH4][kt][no source][no method][no target][no option][no type]
006E643A-1F14-4013-A88E-41169A406067,[Public Electricity and Heat Production][Solid Fuels][Emissions][CO2][kt][no source][no method][no target][no option][no type]
31FBA9CB-03B3-413C-9429-D39BD6ECEC21,[Public Electricity and Heat Production][Solid Fuels][Emissions][N2O][kt][no source][no method][no target][no option][no type]
A06B43B0-93C1-47F6-BBAC-4314EE19A341,[Petroleum Refining][Biomass][Emissions][N2O][kt][no source][no method][no target][no option][no type]
8E274FAA-5DC6-44B6-BBAE-43CB0AD0BFCE,[Petroleum Refining][Gaseous Fuels][Emissions][CH4][kt][no source][no method][no target][no option][no type]
D3B97C0C-1746-4EF7-B7C3-051230F4CE64,[Petroleum Refining][Gaseous Fuels][Emissions][CO2][kt][no source][no method][no target][no option][no type]
255FAC0A-7888-40D5-A6CC-C5D95BCDB8C5,[Petroleum Refining][Gaseous Fuels][Emissions][N2O][kt][no source][no method][no target][no option][no type]
30522BD2-EB04-4C6E-BB59-835FFB622676,[Petroleum Refining][Liquid Fuels][Emissions][CH4][kt][no source][no method][no target][no option][no type]
709E2A9E-06F1-4192-8125-E743F1ABAAB4,[Petroleum Refining][Liquid Fuels][Emissions][CO2][kt][no source][no method][no target][no option][no type]
1ABA5D86-DDF5-424D-9405-2B2FE02AC3EC,[Petroleum Refining][Liquid Fuels][Emissions][N2O][kt][no source][no method][no target][no option][no type]
22F123BF-A13B-4D9F-997D-21310AF745E2,[Petroleum Refining][Other Fossil Fuels][Emissions][CO2][kt][no source][no method][no target][no option][no type]
DAB4604A-380A-4B61-B702-CEB66A379E59,[Petroleum Refining][Solid Fuels][Emissions][CO2][kt][no source][no method][no target][no option][no type]
EA6BE258-E2B7-41D8-ABBE-C88F89950EFD,[Manufacture of Solid Fuels and Other Energy Industries][Biomass][Emissions][CH4][kt][no source][no method][no target][no option][no type]
EBDFC342-0BE5-4AB9-9D3F-AA061C5C5E25,[Manufacture of Solid Fuels and Other Energy Industries][Biomass][Emissions][N2O][kt][no source][no method][no target][no option][no type]
30CA9183-4BDC-4F4C-B873-C379E3742C80,[Manufacture of Solid Fuels and Other Energy Industries][Gaseous Fuels][Emissions][CH4][kt][no source][no method][no target][no option][no type]
508BBADA-9E1B-4E1A-9411-BF6FC0FE9C70,[Manufacture of Solid Fuels and Other Energy Industries][Gaseous Fuels][Emissions][CO2][kt][no source][no method][no target][no option][no type]
41AA5684-8B3C-47BD-B99E-8FD74F92F437,[Manufacture of Solid Fuels and Other Energy Industries][Gaseous Fuels][Emissions][N2O][kt][no source][no method][no target][no option][no type]
8DFBEDFB-5FF1-4C31-B5DE-4E91D55CD771,[Manufacture of Solid Fuels and Other Energy Industries][Liquid Fuels][Emissions][CH4][kt][no source][no method][no target][no option][no type]
A1B04242-9288-44ED-BED8-D3C6D4D35D50,[Manufacture of Solid Fuels and Other Energy Industries][Liquid Fuels][Emissions][CO2][kt][no source][no method][no target][no option][no type]
DB47BBA7-BCB1-4E18-A5B1-8F290BEEE413,[Manufacture of Solid Fuels and Other Energy Industries][Liquid Fuels][Emissions][N2O][kt][no source][no method][no target][no option][no type]
8290A237-A7F3-4327-8B5A-1BF9C28A778E,[Manufacture of Solid Fuels and Other Energy Industries][Peat][Emissions][CO2][kt][no source][no method][no target][no option][no type]
BD14C241-A7BF-486E-93CE-F25E5A23BC5A,[Manufacture of Solid Fuels and Other Energy Industries][Solid Fuels][Emissions][CH4][kt][no source][no method][no target][no option][no type]
0DDE9B51-3D11-44CE-9E09-B653C3B51D72,[Manufacture of Solid Fuels and Other Energy Industries][Solid Fuels][Emissions][CO2][kt][no source][no method][no target][no option][no type]
26C8EFE3-9AAB-46D5-B190-3CA3795674BF,[Manufacture of Solid Fuels and Other Energy Industries][Solid Fuels][Emissions][N2O][kt][no source][no method][no target][no option][no type]
102CE810-5216-444A-BB6E-8B19A5C3DF20,[Iron and Steel][Gaseous Fuels][Emissions][CH4][kt][no source][no method][no target][no option][no type]
099E436F-4064-487B-8CAC-AF9B0B264390,[Iron and Steel][Gaseous Fuels][Emissions][CO2][kt][no source][no method][no target][no option][no type]
7561CD09-BA72-4F72-AC39-16E38B7E4881,[Iron and Steel][Gaseous Fuels][Emissions][N2O][kt][no source][no method][no target][no option][no type]
49832F45-9F2C-488F-A8C2-066938F2BF58,[Iron and Steel][Liquid Fuels][Emissions][CH4][kt][no source][no method][no target][no option][no type]
617AE30D-A9D0-4FFF-8B0E-D8EA9FC43DC1,[Iron and Steel][Liquid Fuels][Emissions][CO2][kt][no source][no method][no target][no option][no type]
62F63ADA-28C1-4A87-A1AE-F30947BF22D2,[Iron and Steel][Liquid Fuels][Emissions][N2O][kt][no source][no method][no target][no option][no type]
4ADB250F-A958-469B-8ACC-8DD17C23EF28,[Iron and Steel][Other Fossil Fuels][Emissions][CO2][kt][no source][no method][no target][no option][no type]
75901A9F-82F8-4381-BC12-1C51AD53ABC9,[Iron and Steel][Solid Fuels][Emissions][CH4][kt][no source][no method][no target][no option][no type]
BF35ED8B-47BA-442A-8723-F67141FD49CF,[Iron and Steel][Solid Fuels][Emissions][CO2][kt][no source][no method][no target][no option][no type]
C4B25115-E6AF-4C4D-BEF8-C687BC4BC24D,[Iron and Steel][Solid Fuels][Emissions][N2O][kt][no source][no method][no target][no option][no type]
5D574614-D98B-4A91-A6A6-CE09CD660F06,[Non-Ferrous Metals][Biomass][Emissions][N2O][kt][no source][no method][no target][no option][no type]
910B60CA-FBF3-4C3F-ABE3-D1B09D472DA7,[Non-Ferrous Metals][Gaseous Fuels][Emissions][CH4][kt][no source][no method][no target][no option][no type]
C7C1E82C-C2CF-4EC2-A731-633CBCECBF28,[Non-Ferrous Metals][Gaseous Fuels][Emissions][CO2][kt][no source][no method][no target][no option][no type]
35660EA4-2D2E-4D18-92E8-0DC5E1CE70B9,[Non-Ferrous Metals][Gaseous Fuels][Emissions][N2O][kt][no source][no method][no target][no option][no type]
A233C4B5-F1D9-4DCE-9C16-EB0E5FCB28AA,[Non-Ferrous Metals][Liquid Fuels][Emissions][CH4][kt][no source][no method][no target][no option][no type]
4ABEAF9E-1553-43C5-8F72-792CF08D875C,[Non-Ferrous Metals][Liquid Fuels][Emissions][CO2][kt][no source][no method][no target][no option][no type]
F40BFC4E-9594-4B58-953C-08BF311B7BA2,[Non-Ferrous Metals][Liquid Fuels][Emissions][N2O][kt][no source][no method][no target][no option][no type]
F337A1FF-D0B5-419F-A2FF-DB76FEFF31FE,[Non-Ferrous Metals][Other Fossil Fuels][Emissions][CO2][kt][no source][no method][no target][no option][no type]
0A0F97A1-2539-4F7A-9B93-7A2BBEE7A9DB,[Non-Ferrous Metals][Solid Fuels][Emissions][CH4][kt][no source][no method][no target][no option][no type]
924E4EF2-3303-4AC9-970E-3A5538EFD925,[Non-Ferrous Metals][Solid Fuels][Emissions][CO2][kt][no source][no method][no target][no option][no type]
9C4D3EBA-2239-4AE9-ABF9-153A2417B3F7,[Non-Ferrous Metals][Solid Fuels][Emissions][N2O][kt][no source][no method][no target][no option][no type]
B1055FF0-AA4E-4F10-96B3-DAAE87A8B5AD,[Chemicals][Biomass][Emissions][CH4][kt][no source][no method][no target][no option][no type]
1A66D534-77BF-4FBA-9AB8-B98D3FCB26BD,[Chemicals][Biomass][Emissions][N2O][kt][no source][no method][no target][no option][no type]
FF47E20E-F2BD-4160-9853-56E31A94DDA0,[Chemicals][Gaseous Fuels][Emissions][CH4][kt][no source][no method][no target][no option][no type]
ADC4552B-4D95-4414-B23E-37FB2E8A66A6,[Chemicals][Gaseous Fuels][Emissions][CO2][kt][no source][no method][no target][no option][no type]
AD893AE3-1A45-46F6-9F23-CC07BF17853E,[Chemicals][Gaseous Fuels][Emissions][N2O][kt][no source][no method][no target][no option][no type]
4D507A9F-281C-44E4-85D9-80543B0F73A4,[Chemicals][Liquid Fuels][Emissions][CH4][kt][no source][no method][no target][no option][no type]
852FBED0-D1C6-4CF5-87B4-2E2D0A3F8A65,[Chemicals][Liquid Fuels][Emissions][CO2][kt][no source][no method][no target][no option][no type]
BE3DACC7-2C92-4AFD-81E7-F097F2DA94F0,[Chemicals][Liquid Fuels][Emissions][N2O][kt][no source][no method][no target][no option][no type]
9F550D81-DF2E-4988-AE3F-1E3F9501C520,[Chemicals][Other Fossil Fuels][Emissions][CH4][kt][no source][no method][no target][no option][no type]
DEBA6B31-15CC-4323-B251-EA89454FD9B6,[Chemicals][Other Fossil Fuels][Emissions][CO2][kt][no source][no method][no target][no option][no type]
A35BBB15-E871-4B0D-9902-781619644E6C,[Chemicals][Other Fossil Fuels][Emissions][N2O][kt][no source][no method][no target][no option][no type]
7A9D7D8C-E00F-414B-9621-84059CBB6FC3,[Chemicals][Peat][Emissions][CO2][kt][no source][no method][no target][no option][no type]
A1C151D0-32A2-4D06-A055-88E79D73AF93,[Chemicals][Solid Fuels][Emissions][CH4][kt][no source][no method][no target][no option][no type]
A028879D-2A1E-4A40-BF69-1FCCCA86359F,[Chemicals][Solid Fuels][Emissions][CO2][kt][no source][no method][no target][no option][no type]
D42155E1-F508-4833-A9E6-12F98DBBE9AE,[Chemicals][Solid Fuels][Emissions][N2O][kt][no source][no method][no target][no option][no type]
DAE51620-6569-4245-9BC0-443341DE4ADC,"[Pulp, Paper and Print][Biomass][Emissions][CH4][kt][no source][no method][no target][no option][no type]"
1D505F72-133A-439C-A5BA-8EA94A0D0F0D,"[Pulp, Paper and Print][Biomass][Emissions][N2O][kt][no source][no method][no target][no option][no type]"
A80D620B-0231-4FA8-88C2-BA51C5E579EB,"[Pulp, Paper and Print][Gaseous Fuels][Emissions][CH4][kt][no source][no method][no target][no option][no type]"
642160D8-9C29-48E7-A0E9-EC1802B726F9,"[Pulp, Paper and Print][Gaseous Fuels][Emissions][CO2][kt][no source][no method][no target][no option][no type]"
DB06ED2B-E517-456A-8941-8E533DFD0C98,"[Pulp, Paper and Print][Gaseous Fuels][Emissions][N2O][kt][no source][no method][no target][no option][no type]"
426F170A-7089-4714-ADD2-DB27AC281917,"[Pulp, Paper and Print][Liquid Fuels][Emissions][CH4][kt][no source][no method][no target][no option][no type]"
EAB2A344-3783-4E02-8245-17D5F2154CA2,"[Pulp, Paper and Print][Liquid Fuels][Emissions][CO2][kt][no source][no method][no target][no option][no type]"
F9B14F73-B663-4553-AE3E-4D416F07E6AB,"[Pulp, Paper and Print][Liquid Fuels][Emissions][N2O][kt][no source][no method][no target][no option][no type]"
105AEB2B-57AD-4093-B1BE-3D5583642B6A,"[Pulp, Paper and Print][Other Fossil Fuels][Emissions][CH4][kt][no source][no method][no target][no option][no type]"
3A0F4C2D-BD8C-4866-A29A-050F3174D9C7,"[Pulp, Paper and Print][Other Fossil Fuels][Emissions][CO2][kt][no source][no method][no target][no option][no type]"
40DA2C2C-717C-4F65-93AD-3ABA6DFC538A,"[Pulp, Paper and Print][Other Fossil Fuels][Emissions][N2O][kt][no source][no method][no target][no option][no type]"
7F3FA8F9-C7D7-4317-B270-2EA653B0323E,"[Pulp, Paper and Print][Peat][Emissions][CH4][kt][no source][no method][no target][no option][no type]"
C540BB9D-2698-4B8A-AB19-866FF11AFEE8,"[Pulp, Paper and Print][Peat][Emissions][CO2][kt][no source][no method][no target][no option][no type]"
E48B36D8-880C-41BB-917A-508A332623A8,"[Pulp, Paper and Print][Peat][Emissions][N2O][kt][no source][no method][no target][no option][no type]"
8E1B57DB-E5C2-495E-A290-BF1F27632287,"[Pulp, Paper and Print][Solid Fuels][Emissions][CH4][kt][no source][no method][no target][no option][no type]"
6D0D6236-1CEC-4F02-A10A-C4A91C0C5B61,"[Pulp, Paper and Print][Solid Fuels][Emissions][CO2][kt][no source][no method][no target][no option][no type]"
6E7DDA65-E646-4D0E-8C00-6E59E9A6484F,"[Pulp, Paper and Print][Solid Fuels][Emissions][N2O][kt][no source][no method][no target][no option][no type]"
52E9BB4B-8BB9-432A-AD17-7F4C37D12F2F,"[Food Processing, Beverages and Tobacco][Biomass][Emissions][CH4][kt][no source][no method][no target][no option][no type]"
833A2FAB-9EED-4E44-B7FD-156B77387A9E,"[Food Processing, Beverages and Tobacco][Biomass][Emissions][N2O][kt][no source][no method][no target][no option][no type]"
BC24F65B-ABF0-4654-9D24-D8CF4BB20DBD,"[Food Processing, Beverages and Tobacco][Gaseous Fuels][Emissions][CH4][kt][no source][no method][no target][no option][no type]"
F70DE7F9-5800-43C5-94C2-7DDFDCA28F52,"[Food Processing, Beverages and Tobacco][Gaseous Fuels][Emissions][CO2][kt][no source][no method][no target][no option][no type]"
7A0E1123-A7FA-4C8B-9123-FE67631964E7,"[Food Processing, Beverages and Tobacco][Gaseous Fuels][Emissions][N2O][kt][no source][no method][no target][no option][no type]"
C4764FBB-90A0-4874-9BCE-2CBE07C8CAB0,"[Food Processing, Beverages and Tobacco][Liquid Fuels][Emissions][CH4][kt][no source][no method][no target][no option][no type]"
8F461B74-7490-4419-B457-725D38EB23F2,"[Food Processing, Beverages and Tobacco][Liquid Fuels][Emissions][CO2][kt][no source][no method][no target][no option][no type]"
FA376A3F-1456-4D08-A1C0-3EFE745C8C9D,"[Food Processing, Beverages and Tobacco][Liquid Fuels][Emissions][N2O][kt][no source][no method][no target][no option][no type]"
5B5E745C-5344-4F59-8B83-1D07167E2470,"[Food Processing, Beverages and Tobacco][Other Fossil Fuels][Emissions][CH4][kt][no source][no method][no target][no option][no type]"
17D72B35-CF12-4E13-A8CC-13C14462EA12,"[Food Processing, Beverages and Tobacco][Other Fossil Fuels][Emissions][CO2][kt][no source][no method][no target][no option][no type]"
27F29CA5-DE64-4C3B-A4B5-463B797302BD,"[Food Processing, Beverages and Tobacco][Other Fossil Fuels][Emissions][N2O][kt][no source][no method][no target][no option][no type]"
39BBB8A3-8244-4C27-A24D-ED27ADF20ACE,"[Food Processing, Beverages and Tobacco][Peat][Emissions][CO2][kt][no source][no method][no target][no option][no type]"
E6CB59FB-3A6D-48BC-88F6-55CE06F4CCB6,"[Food Processing, Beverages and Tobacco][Peat][Emissions][N2O][kt][no source][no method][no target][no option][no type]"
983865AB-9B88-4A4C-9697-B022329F1683,"[Food Processing, Beverages and Tobacco][Solid Fuels][Emissions][CH4][kt][no source][no method][no target][no option][no type]"
724E51C1-037C-4703-A4B1-DA9562A41E7C,"[Food Processing, Beverages and Tobacco][Solid Fuels][Emissions][CO2][kt][no source][no method][no target][no option][no type]"
7DA5DCEA-266F-464B-B1A1-6B861E6643BC,"[Food Processing, Beverages and Tobacco][Solid Fuels][Emissions][N2O][kt][no source][no method][no target][no option][no type]"
1B1EDDD0-8ADD-4D04-AA50-9C818DD1E46A,[Non-metallic minerals][Biomass][Emissions][CH4][kt][no source][no method][no target][no option][no type]
5A97E967-6156-4057-8704-87605DF6D012,[Non-metallic minerals][Biomass][Emissions][N2O][kt][no source][no method][no target][no option][no type]
4EFB4717-EE5B-4CAC-A2C1-B0D613ABDCB9,[Non-metallic minerals][Gaseous Fuels][Emissions][CH4][kt][no source][no method][no target][no option][no type]
279DEAA6-CD36-4F97-9F44-26A62E649C6E,[Non-metallic minerals][Gaseous Fuels][Emissions][CO2][kt][no source][no method][no target][no option][no type]
96CBE38D-09AE-4A8D-BF3E-C5EB5AE8402D,[Non-metallic minerals][Gaseous Fuels][Emissions][N2O][kt][no source][no method][no target][no option][no type]
4678394C-5156-443A-A6F0-97B465A1C50D,[Non-metallic minerals][Liquid Fuels][Emissions][CH4][kt][no source][no method][no target][no option][no type]
13908E43-7987-4387-AE75-1F66D19D35E0,[Non-metallic minerals][Liquid Fuels][Emissions][CO2][kt][no source][no method][no target][no option][no type]
9195E0B0-695D-4E16-9C14-3966DA9796F5,[Non-metallic minerals][Liquid Fuels][Emissions][N2O][kt][no source][no method][no target][no option][no type]
D98AB78B-3FC8-4616-ADAB-44233320FB34,[Non-metallic minerals][Other Fossil Fuels][Emissions][CH4][kt][no source][no method][no target][no option][no type]
CE71E89C-3DEC-46DC-95A7-98072CFD9216,[Non-metallic minerals][Other Fossil Fuels][Emissions][CO2][kt][no source][no method][no target][no option][no type]
CCFAA1FA-E1D5-4F74-8CBA-55DA72A0F8D2,[Non-metallic minerals][Other Fossil Fuels][Emissions][N2O][kt][no source][no method][no target][no option][no type]
008803AB-6F81-4544-8AA1-D021F8A85FAE,[Non-metallic minerals][Peat][Emissions][CO2][kt][no source][no method][no target][no option][no type]
FC4CF45E-3AD0-4A00-A8A8-E62CA4471C43,[Non-metallic minerals][Solid Fuels][Emissions][CH4][kt][no source][no method][no target][no option][no type]
D546DF86-949F-4E57-BF90-7E44ED4F9028,[Non-metallic minerals][Solid Fuels][Emissions][CO2][kt][no source][no method][no target][no option][no type]
6290C373-6531-4E09-91EF-6B2A4EFB9359,[Non-metallic minerals][Solid Fuels][Emissions][N2O][kt][no source][no method][no target][no option][no type]
66F87288-0E56-4D9F-A917-6249DE528E98,[Other Manufacturing Industries and Constructions][Biomass][Emissions][CH4][kt][no source][no method][no target][no option][no type]
8D402C76-83CD-425B-8042-B5B5EDB51698,[Other Manufacturing Industries and Constructions][Biomass][Emissions][N2O][kt][no source][no method][no target][no option][no type]
699B7EC5-4B58-4C36-A04D-CEAE14131E65,[Other Manufacturing Industries and Constructions][Gaseous Fuels][Emissions][CH4][kt][no source][no method][no target][no option][no type]
BA0F4CF9-161E-4126-B28D-7E664B4932F8,[Other Manufacturing Industries and Constructions][Gaseous Fuels][Emissions][CO2][kt][no source][no method][no target][no option][no type]
CED056DC-61E3-4139-9EE6-A07D66276B65,[Other Manufacturing Industries and Constructions][Gaseous Fuels][Emissions][N2O][kt][no source][no method][no target][no option][no type]
C06EFD06-C07C-4A09-9E65-DA7FE5395119,[Other Manufacturing Industries and Constructions][Liquid Fuels][Emissions][CH4][kt][no source][no method][no target][no option][no type]
6B2568AD-6778-40B0-A42A-FE4AF163BB2B,[Other Manufacturing Industries and Constructions][Liquid Fuels][Emissions][CO2][kt][no source][no method][no target][no option][no type]
66E68303-0FFE-44D5-A228-AB6678922C22,[Other Manufacturing Industries and Constructions][Liquid Fuels][Emissions][N2O][kt][no source][no method][no target][no option][no type]
C48DED32-D806-4B4A-BEDB-DA4A81627ED3,[Other Manufacturing Industries and Constructions][Other Fossil Fuels][Emissions][CH4][kt][no source][no method][no target][no option][no type]
630725DF-6040-44EC-80B5-CDBD61CD70F8,[Other Manufacturing Industries and Constructions][Other Fossil Fuels][Emissions][CO2][kt][no source][no method][no target][no option][no type]
51EA15D9-28CD-4059-8C1C-5B111C22AE05,[Other Manufacturing Industries and Constructions][Other Fossil Fuels][Emissions][N2O][kt][no source][no method][no target][no option][no type]
A09ED6D7-358C-4B57-A6A1-5C86AECE8FCA,[Other Manufacturing Industries and Constructions][Peat][Emissions][CO2][kt][no source][no method][no target][no option][no type]
E28E8E22-6B13-4E13-92BC-DA794E90520E,[Other Manufacturing Industries and Constructions][Solid Fuels][Emissions][CH4][kt][no source][no method][no target][no option][no type]
506E6895-CBDC-4152-A66F-131904D8E9C1,[Other Manufacturing Industries and Constructions][Solid Fuels][Emissions][CO2][kt][no source][no method][no target][no option][no type]
09058AB4-C840-4334-9C21-E3D4C69A00EC,[Other Manufacturing Industries and Constructions][Solid Fuels][Emissions][N2O][kt][no source][no method][no target][no option][no type]
CB86BE5C-7503-45AA-9709-6B15D6567DE9,[Domestic Aviation][Aviation Gasoline][Emissions][CH4][kt][no source][no method][no target][no option][no type]
5807420D-BD28-4796-AC06-4DA384515300,[Domestic Aviation][Aviation Gasoline][Emissions][CO2][kt][no source][no method][no target][no option][no type]
C74715D7-3441-43AC-B4FE-36C2FFD02BD0,[Domestic Aviation][Aviation Gasoline][Emissions][N2O][kt][no source][no method][no target][no option][no type]
E743C2D2-5C04-4820-9DE9-6744E57A2AA1,[Domestic Aviation][Jet Kerosene][Emissions][CH4][kt][no source][no method][no target][no option][no type]
3E823F67-DB84-4DAD-98D4-49E88B29E317,[Domestic Aviation][Jet Kerosene][Emissions][CO2][kt][no source][no method][no target][no option][no type]
38DC79BC-4F4A-4672-99F1-EACEF10B1CC7,[Domestic Aviation][Jet Kerosene][Emissions][N2O][kt][no source][no method][no target][no option][no type]
034FA202-26F9-4003-98C9-429E2565D5F2,[Road Transportation][Biomass][Emissions][CH4][kt][no source][no method][no target][no option][no type]
AF35DCFF-51A4-49ED-909D-B55AC1B6BF04,[Road Transportation][Biomass][Emissions][N2O][kt][no source][no method][no target][no option][no type]
96ED141B-BFB5-4907-9957-A570C4A098DE,[Road Transportation][Diesel Oil][Emissions][CH4][kt][no source][no method][no target][no option][no type]
5BC04A8A-524F-4756-B6E7-16AB623C641A,[Road Transportation][Diesel Oil][Emissions][CO2][kt][no source][no method][no target][no option][no type]
F060782B-50F9-49DB-9BD8-F12E83E91FF2,[Road Transportation][Diesel Oil][Emissions][N2O][kt][no source][no method][no target][no option][no type]
AA70C194-A9D9-4F9D-8520-A93C1C2128C3,[Road Transportation][Gaseous Fuels][Emissions][CH4][kt][no source][no method][no target][no option][no type]
B4AAA3E5-183E-4956-B0DB-A761ED6E4894,[Road Transportation][Gaseous Fuels][Emissions][CO2][kt][no source][no method][no target][no option][no type]
5C194B22-D736-4DBA-AE25-42BEC208BC1D,[Road Transportation][Gaseous Fuels][Emissions][N2O][kt][no source][no method][no target][no option][no type]
830D556F-35EA-411D-BD80-409C8CF810DB,[Road Transportation][Gasoline][Emissions][CH4][kt][no source][no method][no target][no option][no type]
A5336772-AACF-4B76-A971-9B3550C39183,[Road Transportation][Gasoline][Emissions][CO2][kt][no source][no method][no target][no option][no type]
04D5F15A-7FCE-4DF3-B532-32D79905F30E,[Road Transportation][Gasoline][Emissions][N2O][kt][no source][no method][no target][no option][no type]
737A8DA6-54BC-4BC8-809C-DB4F41886C69,[Road Transportation][Liquefied Petroleum Gases (LPG)][Emissions][CH4][kt][no source][no method][no target][no option][no type]
9E1F338F-422D-4EFB-8954-4FB95BDC6672,[Road Transportation][Liquefied Petroleum Gases (LPG)][Emissions][CO2][kt][no source][no method][no target][no option][no type]
5F2F0BA2-D65F-4E88-86CA-12B1CC560264,[Road Transportation][Liquefied Petroleum Gases (LPG)][Emissions][N2O][kt][no source][no method][no target][no option][no type]
362AD3BA-4C82-4B14-9915-6FC7C6F2762F,[Road Transportation][Other Liquid Fuels][Emissions][CO2][kt][no source][no method][no target][no option][no type]
C1C5347E-DD24-4AA6-959F-8984D7111E32,[Railways][Biomass][Emissions][N2O][kt][no source][no method][no target][no option][no type]
85506EF6-018C-452C-926A-46D17ECA2763,[Railways][Liquid Fuels][Emissions][CH4][kt][no source][no method][no target][no option][no type]
D2493988-547D-4B53-9ABE-F7C9559FA9B0,[Railways][Liquid Fuels][Emissions][CO2][kt][no source][no method][no target][no option][no type]
6CFFCCD2-4300-42A1-BA9D-0FC9553952F5,[Railways][Liquid Fuels][Emissions][N2O][kt][no source][no method][no target][no option][no type]
1639952E-99D0-4BE9-80BC-2A6D59BC9AA4,[Railways][Solid Fuels][Emissions][CH4][kt][no source][no method][no target][no option][no type]
6A91EE06-943A-455D-9536-6B469D9132F8,[Railways][Solid Fuels][Emissions][CO2][kt][no source][no method][no target][no option][no type]
3B1160AE-6483-4C40-B678-56AF7314174F,[Domestic Navigation][Biomass][Emissions][CH4][kt][no source][no method][no target][no option][no type]
6CA933CD-CCDE-47C4-83C2-EC19B17A46CA,[Domestic Navigation][Biomass][Emissions][N2O][kt][no source][no method][no target][no option][no type]
781C87A9-3C2E-45CE-A866-1F087F3FEA8E,[Domestic Navigation][Gas/Diesel Oil][Emissions][CH4][kt][no source][no method][no target][no option][no type]
786B1C5F-4E71-4005-AC4A-4AAF7C26A283,[Domestic Navigation][Gas/Diesel Oil][Emissions][CO2][kt][no source][no method][no target][no option][no type]
55486292-AC09-4880-9E03-C7740A008BDD,[Domestic Navigation][Gas/Diesel Oil][Emissions][N2O][kt][no source][no method][no target][no option][no type]
CAECD214-0DC5-4EAF-974A-C09CD5E8B327,[Domestic Navigation][Gasoline][Emissions][CH4][kt][no source][no method][no target][no option][no type]
C80A658E-3BB4-43FA-AE43-EE6E9BDE879A,[Domestic Navigation][Gasoline][Emissions][CO2][kt][no source][no method][no target][no option][no type]
39CC9F0C-6599-4235-965B-5041953886A2,[Domestic Navigation][Gasoline][Emissions][N2O][kt][no source][no method][no target][no option][no type]
DB477C48-D08B-45F5-9D2A-EC80869CA2F6,[Domestic Navigation][Other Liquid Fuels][Emissions][CO2][kt][no source][no method][no target][no option][no type]
1CD3055E-6B42-4E5B-9E52-41452761279F,[Domestic Navigation][Residual Fuel Oil][Emissions][CH4][kt][no source][no method][no target][no option][no type]
86646C53-F4B3-4B3F-B01D-499F68E9A45F,[Domestic Navigation][Residual Fuel Oil][Emissions][CO2][kt][no source][no method][no target][no option][no type]
62918168-9FCA-45D6-A22B-1E7EBACF8C1B,[Domestic Navigation][Residual Fuel Oil][Emissions][N2O][kt][no source][no method][no target][no option][no type]
2F9C40CF-CB2D-4D93-9CE9-D8AE4248CD54,[Other Transportation][Gaseous Fuels][Emissions][CH4][kt][no source][no method][no target][no option][no type]
FDD1B8C0-5202-47A2-B844-77B850111F3A,[Other Transportation][Gaseous Fuels][Emissions][CO2][kt][no source][no method][no target][no option][no type]
01C24F47-94EE-4DC2-A217-DF314DD49748,[Other Transportation][Gaseous Fuels][Emissions][N2O][kt][no source][no method][no target][no option][no type]
244D6A04-BE5D-4C61-A689-48A7120AE453,[Other Transportation][Liquid Fuels][Emissions][CH4][kt][no source][no method][no target][no option][no type]
B088DF21-1490-4C09-8913-C80A4CAE2B12,[Other Transportation][Liquid Fuels][Emissions][CO2][kt][no source][no method][no target][no option][no type]
A2DCE8F9-2F4D-4CE1-AC61-BE68ACDE4B06,[Other Transportation][Liquid Fuels][Emissions][N2O][kt][no source][no method][no target][no option][no type]
93B09352-DBEF-4520-9F5C-0E311777CD12,[Commercial/Institutional][Biomass][Emissions][CH4][kt][no source][no method][no target][no option][no type]
51BB5A64-B18F-4503-86C0-E5C38D6EBB36,[Commercial/Institutional][Biomass][Emissions][N2O][kt][no source][no method][no target][no option][no type]
2A121D41-20DF-4736-AC06-189A95FB492B,[Commercial/Institutional][Gaseous Fuels][Emissions][CH4][kt][no source][no method][no target][no option][no type]
FB47D8E1-41DA-4C84-8B91-8DE07380570A,[Commercial/Institutional][Gaseous Fuels][Emissions][CO2][kt][no source][no method][no target][no option][no type]
1B27BCD7-0475-4AB2-B0F3-3729FA6CFFDF,[Commercial/Institutional][Gaseous Fuels][Emissions][N2O][kt][no source][no method][no target][no option][no type]
676C86E7-63EE-4CE3-A406-A2AEC0CC1A69,[Commercial/Institutional][Liquid Fuels][Emissions][CH4][kt][no source][no method][no target][no option][no type]
20901C58-7DBC-4C2E-BCEA-130AE72384CB,[Commercial/Institutional][Liquid Fuels][Emissions][CO2][kt][no source][no method][no target][no option][no type]
87B0EC32-9AE7-40AE-ADB3-7C0C42F83C5E,[Commercial/Institutional][Liquid Fuels][Emissions][N2O][kt][no source][no method][no target][no option][no type]
22D5FB12-AD3A-425E-ABB4-AACE28E1F720,[Commercial/Institutional][Other Fossil Fuels][Emissions][CH4][kt][no source][no method][no target][no option][no type]
3711D3D9-34E3-4EB8-AE0C-584F83DDBAF4,[Commercial/Institutional][Other Fossil Fuels][Emissions][CO2][kt][no source][no method][no target][no option][no type]
BF111693-9294-45A1-AD4D-47AEED691DC3,[Commercial/Institutional][Other Fossil Fuels][Emissions][N2O][kt][no source][no method][no target][no option][no type]
4AB7D0DE-95A2-4C01-9292-39DB8C985422,[Commercial/Institutional][Peat][Emissions][CO2][kt][no source][no method][no target][no option][no type]
3EC9154B-A8ED-4712-8548-B8E8961892E6,[Commercial/Institutional][Solid Fuels][Emissions][CH4][kt][no source][no method][no target][no option][no type]
71E2965B-55FC-41A0-9B95-1561FF525682,[Commercial/Institutional][Solid Fuels][Emissions][CO2][kt][no source][no method][no target][no option][no type]
541ACACF-1775-4A3E-BC69-2174E4B16D5F,[Commercial/Institutional][Solid Fuels][Emissions][N2O][kt][no source][no method][no target][no option][no type]
92313DD4-2783-48C6-AC24-1FFFE07946C2,[Residential][Biomass][Emissions][CH4][kt][no source][no method][no target][no option][no type]
578A79D0-68EF-4135-8CC3-C3B2398F1526,[Residential][Biomass][Emissions][N2O][kt][no source][no method][no target][no option][no type]
61DECDE5-9D11-4E79-B301-961BC542E8FA,[Residential][Gaseous Fuels][Emissions][CH4][kt][no source][no method][no target][no option][no type]
9EE19384-1F14-4319-9B9D-95D2BFC21580,[Residential][Gaseous Fuels][Emissions][CO2][kt][no source][no method][no target][no option][no type]
3020D6BA-47E8-44F8-8635-ACB0827561D6,[Residential][Gaseous Fuels][Emissions][N2O][kt][no source][no method][no target][no option][no type]
6F555CFB-74B5-4A95-89C6-CCAEFA22CAE4,[Residential][Liquid Fuels][Emissions][CH4][kt][no source][no method][no target][no option][no type]
9C6A3743-4DB3-4A1C-8F27-B489CFC3160C,[Residential][Liquid Fuels][Emissions][CO2][kt][no source][no method][no target][no option][no type]
C378B1C9-E201-4BCE-85CD-3B1FA87087CD,[Residential][Liquid Fuels][Emissions][N2O][kt][no source][no method][no target][no option][no type]
E92151E1-FCE4-4820-9E35-42D9A9BBC8CF,[Residential][Peat][Emissions][CH4][kt][no source][no method][no target][no option][no type]
B485A385-9938-4AFC-A12B-2F5F4968DA9D,[Residential][Peat][Emissions][CO2][kt][no source][no method][no target][no option][no type]
C1DE9C13-F6C5-4963-B098-AF67C9EB672D,[Residential][Peat][Emissions][N2O][kt][no source][no method][no target][no option][no type]
532288ED-022E-40AA-8D5A-9C0B8FBB04B0,[Residential][Solid Fuels][Emissions][CH4][kt][no source][no method][no target][no option][no type]
7D7B8F81-AA4B-4DF6-A903-68BBBCBBD0F2,[Residential][Solid Fuels][Emissions][CO2][kt][no source][no method][no target][no option][no type]
87EE2CB6-C984-4963-A1F8-E537FA3DBB13,[Residential][Solid Fuels][Emissions][N2O][kt][no source][no method][no target][no option][no type]
1771C512-256C-440A-B036-9C31CB76CFA7,[Agriculture/Forestry/Fishing][Biomass][Emissions][CH4][kt][Off-road vehicles and other machinery][no method][no target][no option][no type]
6BC2850D-2B83-47C7-8445-193779869EF3,[Agriculture/Forestry/Fishing][Biomass][Emissions][N2O][kt][Off-road vehicles and other machinery][no method][no target][no option][no type]
D4A56FC7-E397-4F70-8D52-38D1B872915A,[Agriculture/Forestry/Fishing][Gaseous Fuels][Emissions][CH4][kt][Off-road vehicles and other machinery][no method][no target][no option][no type]
75DF6A3A-582A-48D1-B990-660024602319,[Agriculture/Forestry/Fishing][Gaseous Fuels][Emissions][CO2][kt][Off-road vehicles and other machinery][no method][no target][no option][no type]
A9D3C799-2611-4AF9-B2DA-E52B9500E1AB,[Agriculture/Forestry/Fishing][Gaseous Fuels][Emissions][N2O][kt][Off-road vehicles and other machinery][no method][no target][no option][no type]
36646B3F-A1C1-44FA-BE94-E16673B598DD,[Agriculture/Forestry/Fishing][Liquid Fuels][Emissions][CH4][kt][Off-road vehicles and other machinery][no method][no target][no option][no type]
4A690F69-6E09-4E48-9076-1A3DC9578181,[Agriculture/Forestry/Fishing][Liquid Fuels][Emissions][CO2][kt][Off-road vehicles and other machinery][no method][no target][no option][no type]
2DDEF2AE-0DC0-4160-AAF5-BCF8B4623EDA,[Agriculture/Forestry/Fishing][Liquid Fuels][Emissions][N2O][kt][Off-road vehicles and other machinery][no method][no target][no option][no type]
61FD17A4-2F67-4DE1-8B47-AD879421F571,[Agriculture/Forestry/Fishing][Peat][Emissions][CH4][kt][Stationary combustion][no method][no target][no option][no type]
DF54BC92-B5DB-4962-B6CD-0959F0025F30,[Agriculture/Forestry/Fishing][Peat][Emissions][CO2][kt][Stationary combustion][no method][no target][no option][no type]
B9E12A06-A63F-45B5-A064-7DF03E2370DD,[Agriculture/Forestry/Fishing][Peat][Emissions][N2O][kt][Stationary combustion][no method][no target][no option][no type]
FF35BA6E-5761-4A11-BA98-0F0B0E45B36E,[Agriculture/Forestry/Fishing][Solid Fuels][Emissions][CH4][kt][Stationary combustion][no method][no target][no option][no type]
4A423D97-06D3-4D09-92B0-5F44026C30C9,[Agriculture/Forestry/Fishing][Solid Fuels][Emissions][CO2][kt][Stationary combustion][no method][no target][no option][no type]
CBB70E96-EC93-4F6D-86D8-D60D0B09C3B2,[Agriculture/Forestry/Fishing][Solid Fuels][Emissions][N2O][kt][Stationary combustion][no method][no target][no option][no type]
5934BC54-D1CE-4817-A780-531F71093E2F,[Other Other Sectors][Biomass][Emissions][CH4][kt][Mobile Combustion][no method][no target][no option][no type]
3ABA9BB5-239F-4FE8-9A5C-CB55EB8AD95A,[Other Other Sectors][Biomass][Emissions][N2O][kt][no source][no method][no target][no option][no type]
32BD600A-7443-456C-A7E5-707AA2FEFA98,[Other Other Sectors][Gaseous Fuels][Emissions][CO2][kt][no source][no method][no target][no option][no type]
9B98CFED-7E6A-4D11-8B4E-6EC298748605,[Other Other Sectors][Gaseous Fuels][Emissions][N2O][kt][no source][no method][no target][no option][no type]
C17FD647-2895-4483-BAF8-7CCB000EAA8E,[Other Other Sectors][Liquid Fuels][Emissions][CH4][kt][Mobile Combustion][no method][no target][no option][no type]
0E70F7ED-864F-4C1B-9637-E29F33EA3A66,[Other Other Sectors][Liquid Fuels][Emissions][CO2][kt][no source][no method][no target][no option][no type]
97064F40-34DD-440C-94E2-EEBD2F5977B1,[Other Other Sectors][Liquid Fuels][Emissions][N2O][kt][Mobile Combustion][no method][no target][no option][no type]
5E545526-15E4-431E-8109-84AA385CC3C7,[Other Other Sectors][Solid Fuels][Emissions][CO2][kt][no source][no method][no target][no option][no type]
C17FD647-2895-4483-BAF8-7CCB000EAA8E,[Other Other Sectors][Liquid Fuels][Emissions][CH4][kt][Mobile Combustion][no method][no target][no option][no type]
0E70F7ED-864F-4C1B-9637-E29F33EA3A66,[Other Other Sectors][Liquid Fuels][Emissions][CO2][kt][no source][no method][no target][no option][no type]
97064F40-34DD-440C-94E2-EEBD2F5977B1,[Other Other Sectors][Liquid Fuels][Emissions][N2O][kt][Mobile Combustion][no method][no target][no option][no type]
78A1F84C-8F8B-48E0-B2CA-8680039E58ED,[Coal Mining and Handling][Operation][Emissions][CH4][kt][no source][no method][no target][no option][no type]
B799A8A4-5F72-4265-AFF8-D688D66BFF9D,[Coal Mining and Handling][Operation][Emissions][CO2][kt][no source][no method][no target][no option][no type]
E800517A-07D5-49F6-B1E3-6D1B56356ED8,[Solid Fuel Transformation][Operation][Emissions][CH4][kt][no source][no method][no target][no option][no type]
D7E96D44-2BEC-43DE-A7C0-E6B6C0215609,[Solid Fuel Transformation][Operation][Emissions][CO2][kt][no source][no method][no target][no option][no type]
706BEE07-5FEC-4816-B19A-DD8302F77224,[Other Solid fuel operation][Operation][Emissions][CH4][kt][no source][no method][no target][no option][no type]
B66FF296-CA7D-4BB5-8774-53C86F2BBE90,[Other Solid fuel operation][Operation][Emissions][CO2][kt][no source][no method][no target][no option][no type]
C4CB1E3E-826D-4EA3-BC6B-850F1A2B61A4,[Oil][Operation][Emissions][CH4][kt][no source][no method][no target][no option][no type]
A96A2DED-01D5-459C-B5D8-B32B68164882,[Oil][Operation][Emissions][CO2][kt][no source][no method][no target][no option][no type]
189FC9EF-03BB-46C0-8D4E-45918C4C4465,[Oil][Operation][Emissions][N2O][kt][no source][no method][no target][no option][no type]
FAEF0142-3A21-4A96-8A4C-E915EF741D74,[Natural Gas][Operation][Emissions][CH4][kt][no source][no method][no target][no option][no type]
1F54B15E-80BC-476F-AD95-B2395CB2C861,[Natural Gas][Operation][Emissions][CO2][kt][no source][no method][no target][no option][no type]
F27F0104-F35E-4326-BD3C-CA97F3C38071,[Venting and Flaring][Operation][Emissions][CH4][kt][no source][no method][no target][no option][no type]
1461748B-DC0E-42E6-9E4A-971F607BFD5E,[Venting and Flaring][Operation][Emissions][CO2][kt][no source][no method][no target][no option][no type]
65C83A39-A7BF-4599-8BCD-320046C473A7,[Venting and Flaring][Operation][Emissions][N2O][kt][no source][no method][no target][no option][no type]
5EF16164-431D-4C7A-B8B9-A870D35E801E,[Other emissions from energy production][Operation][Emissions][CH4][kt][no source][no method][no target][no option][no type]
4369B04C-4388-43F3-BCD8-D13685451CBA,[Other emissions from energy production][Operation][Emissions][CO2][kt][no source][no method][no target][no option][no type]
03F9044F-A6C2-423B-B8FB-2EDE0C56444B,[Other emissions from energy production][Operation][Emissions][N2O][kt][no source][no method][no target][no option][no type]
D28C9004-CD0E-485E-B88A-2E95C2D476D8,[Cement Production][no classification][Emissions][CO2][kt][no source][no method][no target][no option][no type]
F423300C-BA7F-4D03-9867-F78E8116B2ED,[Lime Production][no classification][Emissions][CO2][kt][no source][no method][no target][no option][no type]
336ACDF1-8537-49AC-9BA8-B73CA22345FC,[Glass production][no classification][Emissions][CO2][kt][no source][no method][no target][no option][no type]
FAC892E6-F1C1-49E1-A910-18227B6DCC81,[Other Process Uses of Carbonates][no classification][Emissions][CO2][kt][no source][no method][no target][no option][no type]
237ECB7F-E333-4EBE-8F5C-9846ED852B08,[Ammonia Production][no classification][Emissions][CH4][kt][no source][no method][no target][no option][no type]
5DE99D34-F3C9-4BD9-B684-BB9BE7ECB63D,[Ammonia Production][no classification][Emissions][CO2][kt][no source][no method][no target][no option][no type]
8B1B85FF-B578-434E-8937-178FC85A2B99,[Ammonia Production][no classification][Emissions][N2O][kt][no source][no method][no target][no option][no type]
FB88FCCF-C304-4EF0-A612-E53F1A79E374,[Other chemical industry][no classification][Emissions][CH4][kt][no source][no method][no target][no option][no type]
C93F3593-4FEA-412A-9D08-0C032744AB68,[Other chemical industry][no classification][Emissions][CO2][kt][no source][no method][no target][no option][no type]
4545ADA8-107F-489B-96BD-3A5954C7FEDA,[Other chemical industry][no classification][Emissions][N2O][kt][no source][no method][no target][no option][no type]
F7F06A12-3F8B-4C85-8FCF-40CF10E23282,[Nitric Acid Production][no classification][Emissions][N2O][kt][no source][no method][no target][no option][no type]
AB50937C-97B2-41F7-980F-89FA8F22836A,[Adipic Acid Production][no classification][Emissions][CO2][kt][no source][no method][no target][no option][no type]
D954AB4B-FD83-4ACC-925C-8A21A0F08173,[Adipic Acid Production][no classification][Emissions][N2O][kt][no source][no method][no target][no option][no type]
4A391582-2EEB-48D7-AF89-F6915585E6E9,"[Caprolactam, Glyoxal and Glyoxylic Acid Production][no classification][Emissions][N2O][kt][no source][no method][no target][no option][no type]"
C2B13F7F-E6C5-4A3D-A469-544213F4B764,[Carbide Production][no classification][Emissions][CH4][kt][no source][no method][no target][no option][no type]
4D2AC966-C62E-43EF-898B-5F5C20CF58BB,[Carbide Production][no classification][Emissions][CO2][kt][no source][no method][no target][no option][no type]
F27C2DE3-9076-49EE-AAD6-D4EDA27BF331,[Titanium Dioxide Production][no classification][Emissions][CO2][kt][no source][no method][no target][no option][no type]
66BDCC4E-2819-40ED-8654-A0B68C445DD2,[Soda Ash Production][no classification][Emissions][CO2][kt][no source][no method][no target][no option][no type]
CBCD6504-291A-4437-A6FE-BB09DA30D406,[Petrochemical and Carbon Black Production][no classification][Emissions][CH4][kt][no source][no method][no target][no option][no type]
05BCB668-B553-410E-81CD-758715606B1A,[Petrochemical and Carbon Black Production][no classification][Emissions][CO2][kt][no source][no method][no target][no option][no type]
5A2D1B4A-C70F-4556-8D17-D183B2E3DDF9,[Fluorochemical Production][no classification][Emissions][HFCs][kt CO2 equivalent][no source][no method][no target][no option][no type]
35A9AEC3-8F0F-4993-89D1-58D5CD11B4C4,[Fluorochemical Production][no classification][Emissions][PFCs][kt CO2 equivalent][no source][no method][no target][no option][no type]
732980BE-8BEF-4DDA-9EB2-035DB543D22E,[Fluorochemical Production][no classification][Emissions][SF6][t][no source][no method][no target][no option][no type]
75C24625-084A-4B81-9339-695B146F4CC0,[Fluorochemical Production][no classification][Emissions][Unspecified mix of HFCs and PFCs][t CO2 equivalent][no source][no method][no target][no option][no type]
A839891C-9D5F-46E5-A7C0-8F8484E0CB5D,[Iron and Steel Production][no classification][Emissions][CH4][kt][no source][no method][no target][no option][no type]
0B4AD3E2-A2C3-4B69-86F6-4F151AFFEB88,[Iron and Steel Production][no classification][Emissions][CO2][kt][no source][no method][no target][no option][no type]
5FA222C3-2ECC-4363-891A-C196ECBE22B4,[Ferroalloys Production][no classification][Emissions][CH4][kt][no source][no method][no target][no option][no type]
285520A6-6DDB-41EF-AE1F-77C6B9E68D62,[Ferroalloys Production][no classification][Emissions][CO2][kt][no source][no method][no target][no option][no type]
557ED8D8-F014-416B-A153-8A4BF78B79F6,[Aluminium Production][no classification][Emissions][CO2][kt][no source][no method][no target][no option][no type]
3C767679-4569-452F-BDCA-19A0D1C66D7F,[Aluminium Production][no classification][Emissions][PFCs][kt CO2 equivalent][no source][no method][no target][no option][no type]
5EF369F1-B55E-407A-98A3-735C9823FAED,[Aluminium Production][no classification][Emissions][SF6][t][no source][no method][no target][no option][no type]
C02BB6B9-277A-4FFE-8539-ECB43CAE9088,[Magnesium Production][no classification][Emissions][HFCs][t CO2 equivalent][no source][no method][no target][no option][no type]
7B9CB61D-71B3-44E3-A178-A2E61CBB1B4E,[Lead Production][no classification][Emissions][CO2][kt][no source][no method][no target][no option][no type]
52CFD287-68F4-4F94-B171-5043B1B41E3A,[Zinc Production][no classification][Emissions][CO2][kt][no source][no method][no target][no option][no type]
334B6859-6B61-4B38-BC64-A61402E6B712,[Other Metal Industry][no classification][Emissions][CO2][kt][no source][no method][no target][no option][no type]
001950B2-E09B-4983-A42E-0E98DF370702,[Other Metal Industry][no classification][Emissions][N2O][kt][no source][no method][no target][no option][no type]
41E1773E-76A1-40A4-AFEF-D6DF4D1B054B,[Other Metal Industry][no classification][Emissions][SF6][kt][no source][no method][no target][no option][no type]
C2F744AF-DF32-4085-8A96-F7193074565D,[Lubricant Use][no classification][Emissions][CH4][kt][no source][no method][no target][no option][no type]
B3294F8A-33F3-458C-A60A-AD7CC677DDAC,[Lubricant Use][no classification][Emissions][CO2][kt][no source][no method][no target][no option][no type]
DEA5F71C-98A3-4049-8522-A00C193514C0,[Lubricant Use][no classification][Emissions][N2O][kt][no source][no method][no target][no option][no type]
EF45B95B-F514-45FB-B8BD-682DC5EC9646,[Paraffin Wax Use][no classification][Emissions][CO2][kt][no source][no method][no target][no option][no type]
DE6EBBA8-A3CB-4631-92B3-9C84266E615E,[Paraffin Wax Use][no classification][Emissions][N2O][kt][no source][no method][no target][no option][no type]
5A994B94-4065-4381-B971-C5887FD9CD12,[Other non energy products][no classification][Emissions][CH4][kt][no source][no method][no target][no option][no type]
EB4E5D23-065D-4631-9694-366CFBA4C13D,[Other non energy products][no classification][Emissions][CO2][kt][no source][no method][no target][no option][no type]
8F9C64A4-9BAC-4C32-8E8E-0DAABC26F768,[Integrated Circuit or Semiconductor][no classification][Emissions][HFCs][t CO2 equivalent][no source][no method][no target][no option][no type]
FF71D4C7-BF63-4D2E-B9A4-D32557371D36,[Integrated Circuit or Semiconductor][no classification][Emissions][PFCs][t CO2 equivalent][no source][no method][no target][no option][no type]
0E3A3693-F179-46C3-9B92-5D298B2D9191,[Other electronics industry][no classification][Emissions][HFCs][kt CO2 equivalent][no source][no method][no target][no option][no type]
E84C183F-748F-4822-B4FC-3923B88877FA,[Other electronics industry][no classification][Emissions][PFCs][kt CO2 equivalent][no source][no method][no target][no option][no type]
E92759E4-BD91-46D2-BEE4-B21C3C0D3207,[Refrigeration and Air conditioning][no classification][Emissions][HFCs][t CO2 equivalent][no source][no method][no target][no option][no type]
64649F32-08CA-436A-A94B-647622010D17,[Refrigeration and Air conditioning][no classification][Emissions][PFCs][t CO2 equivalent][no source][no method][no target][no option][no type]
D34330B3-3002-4DFC-9A04-37D5A6A13DA4,[Foam Blowing Agents][no classification][Emissions][HFCs][t CO2 equivalent][no source][no method][no target][no option][no type]
E3175DC0-9874-4BE7-83C4-AD902898E7C3,[Fire Protection][no classification][Emissions][HFCs][t CO2 equivalent][no source][no method][no target][no option][no type]
D7BA49B3-5AA6-458F-8A56-B6264FE85F8D,[Fire Protection][no classification][Emissions][PFCs][t CO2 equivalent][no source][no method][no target][no option][no type]
6FC398A2-8F1C-44B4-B6D1-99915D0E303E,[Aerosols][no classification][Emissions][HFCs][t CO2 equivalent][no source][no method][no target][no option][no type]
9125C284-93AC-4A5E-BD44-72E2596ED05A,[Solvents][no classification][Emissions][HFCs][t CO2 equivalent][no source][no method][no target][no option][no type]
993AAF4E-9C9D-4ECC-8120-48225790CE63,[Other Applications][no classification][Emissions][HFCs][t CO2 equivalent][no source][no method][no target][no option][no type]
2A8389E5-9042-47EC-B5AA-B9DB0C38C645,[SF6 and PFCs from Other Product Use][no classification][Emissions][PFCs][t CO2 equivalent][no source][no method][no target][no option][no type]
C4825CEC-2423-4908-AF4C-7F9BC8CB0FF8,[SF6 and PFCs from Other Product Use][no classification][Emissions][SF6][t][no source][no method][no target][no option][no type]
E097FCEC-3683-407C-81E5-3242BDBEB802,[N2O from Product Uses][no classification][Emissions][N2O][kt][no source][no method][no target][no option][no type]
B05A94ED-0A3E-434F-8E1A-577F216D53A4,[Other unspecifed product manufacture and use][no classification][Emissions][CH4][kt][no source][no method][no target][no option][no type]
C8E07045-7C52-4AEC-BDAC-BE696322499E,[Other unspecifed product manufacture and use][no classification][Emissions][CO2][kt][no source][no method][no target][no option][no type]
4C8F2A4E-EBB3-465E-9F3E-65F1163323A5,[Other unspecifed product manufacture and use][no classification][Emissions][HFCs][t CO2 equivalent][no source][no method][no target][no option][no type]
4581F975-BC7A-4D33-B3B5-774A153AA23A,[Other unspecifed product manufacture and use][no classification][Emissions][N2O][kt][no source][no method][no target][no option][no type]
AD3CF323-EA7D-4C6C-AAA0-6CD45E873E7E,[Other Industrial Process and Product Use][no classification][Emissions][CH4][kt][no source][no method][no target][no option][no type]
1D5C093A-C8A0-456B-B454-42421052B54F,[Other Industrial Process and Product Use][no classification][Emissions][CO2][kt][no source][no method][no target][no option][no type]
D185958B-F0D0-43B9-B1DF-8C615DE9BF96,[Other Industrial Process and Product Use][no classification][Emissions][HFCs][t CO2 equivalent][no source][no method][no target][no option][no type]
DBC376E1-2A68-4210-B733-BA5B4318E970,[Other Industrial Process and Product Use][no classification][Emissions][N2O][kt][no source][no method][no target][no option][no type]
8B8F3ABE-969D-44C9-A61D-C813EDF47B29,[Other Industrial Process and Product Use][no classification][Emissions][PFCs][t CO2 equivalent][no source][no method][no target][no option][no type]
02CE26D2-ADDA-44C9-89AB-9DBDB7710B70,[Other Industrial Process and Product Use][no classification][Emissions][SF6][kt][no source][no method][no target][no option][no type]
007AC2DF-F451-4565-BF96-E9DC9EF3F41D,[Other Industrial Process and Product Use][no classification][Emissions][Unspecified mix of HFCs and PFCs][t CO2 equivalent][no source][no method][no target][no option][no type]
C1B82D3E-5D07-483B-8A6E-7E2DA2A127DE,[Enteric Fermentation][Dairy Cattle][Emissions][CH4][kt][no source][no method][no target][Option A][no type]
BA25A7C3-8D05-4048-99A6-51B3714C47AB,[Enteric Fermentation][Growing Cattle][Emissions][CH4][kt][no source][no method][no target][Option B][no type]
9B8028B1-3221-41E1-B4CB-9322FC94C95F,[Enteric Fermentation][Mature Dairy Cattle][Emissions][CH4][kt][no source][no method][no target][Option B][no type]
2F742951-9B92-45C3-99F2-65547EDC4271,[Enteric Fermentation][Non-Dairy Cattle][Emissions][CH4][kt][no source][no method][no target][Option A][no type]
B06930D7-CCCF-48A7-A250-54AED8920D00,[Enteric Fermentation][Other Cattle][Emissions][CH4][kt][no source][no method][no target][Option C][no type]
67C2BF95-44C2-4282-8166-46CD90FEB901,[Enteric Fermentation][Other Mature Cattle][Emissions][CH4][kt][no source][no method][no target][Option B][no type]
B34B3E53-0112-41A0-AD31-8EF5180B0BD5,[Enteric Fermentation][Other Sheep][Emissions][CH4][kt][no source][no method][no target][no option][no type]
6D3E0AAF-9851-4110-B390-80302A38DDF4,[Enteric Fermentation][Other Swine][Emissions][CH4][kt][no source][no method][no target][no option][no type]
BF075830-C9C1-4BE0-BF10-9ECCB74F6B97,[Enteric Fermentation][Other livestock][Emissions][CH4][kt][no source][no method][no target][no option][no type]
D6B972B8-8A43-4118-8F2D-220ED7F1D3A0,[CH4 Emissions][Farming][Emissions][CH4][kt][no source][no method][no target][no option][no type]
94E5A98A-6DC9-41BA-A75B-0C9414CE8592,[N2O and NMVOC Emissions][Farming][Emissions][N2O][kt][no source][no method][no target][no option][no type]
2C014B8D-1F97-4DF6-8122-5E150E072DB4,[Irrigated][Farming][Emissions][CH4][kt][no source][no method][no target][no option][no type]
95E9B3AE-0FAE-4F85-A1DA-D6282420DC21,[Agricultural Soils][Direct N2O Emissions From Managed Soils][Emissions][N2O][kt][no source][no method][no target][no option][no type]
57E1FDDC-2BC9-4D33-8FC6-E92722CB4F58,[Agricultural Soils][Farming][Emissions][N2O][kt][no source][no method][no target][no option][no type]
1B00BD55-9073-465B-B349-3CDC175CE937,[Field Burning of Agricultural Residues][Cereals][Emissions][CH4][kt][no source][no method][no target][no option][no type]
FCA2A4AC-8A37-459D-A5CC-864FD3D68A2B,[Field Burning of Agricultural Residues][Cereals][Emissions][N2O][kt][no source][no method][no target][no option][no type]
3D0F3EAF-B900-43B3-BF6A-C4EE2AE0E295,[Field Burning of Agricultural Residues][Tubers and Roots][Emissions][CH4][kt][no source][no method][no target][no option][no type]
D63E2476-357D-47A6-AD3D-D3485D1335D4,[Field Burning of Agricultural Residues][Tubers and Roots][Emissions][N2O][kt][no source][no method][no target][no option][no type]
8E0618F4-18F4-46A8-81BF-70DA64714471,[Field Burning of Agricultural Residues][Sugar Cane][Emissions][CH4][kt][no source][no method][no target][no option][no type]
60705592-4C74-4455-9183-7A53D1AF3871,[Field Burning of Agricultural Residues][Other Agricultural residues][Emissions][CH4][kt][no source][no method][no target][no option][no type]
4F32D76E-CC03-463E-82FD-E5817021AEA6,[Field Burning of Agricultural Residues][Other Agricultural residues][Emissions][N2O][kt][no source][no method][no target][no option][no type]
E70C6446-1DBA-4D13-AD6A-B1F5AC27AF7A,[Limestone CaCO3][Farming][Emissions][CO2][kt][no source][no method][no target][no option][no type]
FBA54AF3-A8EB-4605-8C38-772DB9B49D99,[Dolomite CaMg(CO3)2][Farming][Emissions][CO2][kt][no source][no method][no target][no option][no type]
9BAA5620-F155-4FEB-ACC8-45D3C994137D,[Urea Application][Farming][Emissions][CO2][kt][no source][no method][no target][no option][no type]
B8F8AFCE-78A1-4AA0-A4CA-DEA0C6F5E360,[Other Carbon-containing Fertilizers][Farming][Emissions][CO2][kt][no source][no method][no target][no option][no type]
906F249E-2D50-49EC-933C-2BCAD72E01D5,[Other agriculture emissions][Farming][Emissions][CH4][kt][no source][no method][no target][no option][no type]
282D3894-6868-4D9A-A9ED-09D1AABCBFC6,[Other agriculture emissions][Farming][Emissions][CO2][kt][no source][no method][no target][no option][no type]
C316765E-BE96-424D-86F8-CA0BB178A053,[Other agriculture emissions][Farming][Emissions][N2O][kt][no source][no method][no target][no option][no type]
5C8D42A8-F6E8-4C40-83B8-1C58C422B172,[Forest Land][Land Use][Emissions][CH4][kt][Forest Land][no method][Forest Land][no option][no type]
C03955FA-436D-4C60-A64E-F934AB5FCC69,[Forest Land][Land Use][Emissions][CO2][kt][Forest Land][no method][Forest Land][no option][no type]
8722BB8B-4EBA-440C-B7CB-42E06F5C9BC3,[Forest Land][Land Use][Emissions][N2O][kt][Forest Land][no method][Forest Land][no option][no type]
69976ADA-8DAB-42A9-9324-17F477A85AD5,[Forest Land][Land Use][Emissions][CH4][kt][Land][no method][Forest Land][no option][no type]
1C0AF015-1138-4419-81B7-B7A94406317F,[Forest Land][Land Use][Emissions][CO2][kt][Land][no method][Forest Land][no option][no type]
A915A486-13C8-4391-B10D-617B557BC311,[Forest Land][Land Use][Emissions][N2O][kt][Land][no method][Forest Land][no option][no type]
2904998E-FD50-43B4-9422-5E17B5566732,[Cropland][Land Use][Emissions][CH4][kt][Cropland][no method][Cropland][no option][no type]
D97D94EC-5E26-4D1C-B9D9-9DF75178A43A,[Cropland][Land Use][Emissions][CO2][kt][Cropland][no method][Cropland][no option][no type]
B7E5585C-B812-4E45-A4D9-3A8FAFB301F6,[Cropland][Land Use][Emissions][N2O][kt][Cropland][no method][Cropland][no option][no type]
193888CF-B18D-452B-AD9A-68D44715FECC,[Cropland][Land Use][Emissions][CH4][kt][Land][no method][Cropland][no option][no type]
7E081AA5-1B30-409E-9B62-F1737D6AC928,[Cropland][Land Use][Emissions][CO2][kt][Land][no method][Cropland][no option][no type]
E71E27BA-FFE4-4D7A-93C2-228CF4D2CB86,[Cropland][Land Use][Emissions][N2O][kt][Land][no method][Cropland][no option][no type]
A3CCDB84-94FE-4858-B590-38BF1CBCC24A,[Grassland][Land Use][Emissions][CH4][kt][Grassland][no method][GrassLand][no option][no type]
04BBBD6D-FEC6-4938-A058-735DFF8D0804,[Grassland][Land Use][Emissions][CO2][kt][Grassland][no method][GrassLand][no option][no type]
6139D72A-EB9C-4B71-9CBB-8FCA33BA4934,[Grassland][Land Use][Emissions][N2O][kt][Grassland][no method][GrassLand][no option][no type]
168810A6-757E-4326-BC68-51ABE8D112AF,[Grassland][Land Use][Emissions][CH4][kt][Land][no method][GrassLand][no option][no type]
9F931A7C-BA46-48D0-9D37-6BD8B581D4B9,[Grassland][Land Use][Emissions][CO2][kt][Land][no method][GrassLand][no option][no type]
97E2C106-0A5B-4990-B075-7987DF874FC4,[Grassland][Land Use][Emissions][N2O][kt][Land][no method][GrassLand][no option][no type]
45CE1B4B-9497-41AD-8923-BABE663E11C3,[Wetlands][Land Use][Emissions][CH4][kt][Wetlands][no method][Wetlands][no option][no type]
7253D98A-9762-4A87-990F-883760727AB0,[Wetlands][Land Use][Emissions][CO2][kt][Wetlands][no method][Wetlands][no option][no type]
E0F8E44F-46C5-4256-843B-BBF595E6A7E8,[Wetlands][Land Use][Emissions][N2O][kt][Wetlands][no method][Wetlands][no option][no type]
688B0A8E-8C7C-4D90-884F-88A54984AAB4,[Wetlands][Land Use][Emissions][CH4][kt][Land][no method][Wetlands][no option][no type]
EC83C8BC-8B4D-4F21-A9E5-33A7A5EB7519,[Wetlands][Land Use][Emissions][CO2][kt][Land][no method][Wetlands][no option][no type]
1508A889-F32E-49F0-AB82-82026BD87B7A,[Wetlands][Land Use][Emissions][N2O][kt][Land][no method][Wetlands][no option][no type]
3DEC3DF4-F182-4CF9-AF0D-23555DC3FFAC,[Settlements][Land Use][Emissions][CO2][kt][Settlements][no method][Settlements][no option][no type]
263183F4-2544-4D46-9AE7-E4F009E89CDF,[Settlements][Land Use][Emissions][N2O][kt][Settlements][no method][Settlements][no option][no type]
E659C96E-A0AE-4561-B2D1-142E577924BB,[Settlements][Land Use][Emissions][CO2][kt][Land][no method][Settlements][no option][no type]
D660B45D-715C-4464-859D-29EFA3D25D34,[Settlements][Land Use][Emissions][N2O][kt][Land][no method][Settlements][no option][no type]
AF6FBC34-B754-4FD2-BAAA-C34CE8E9D07E,[Other Land][Land Use][Emissions][CO2][kt][Land][no method][Other Land][no option][no type]
5F05EEAD-C47E-43CC-8B16-53C11E1F31E5,[Other LULUCF][Land Use][Emissions][CH4][kt][no source][no method][no target][no option][no type]
A3B98E03-37E3-42F3-B717-1623FEB0E903,[Other LULUCF][Land Use][Emissions][CO2][kt][no source][no method][no target][no option][no type]
DAF545F5-D859-4663-8B45-886ECA67D668,[Other LULUCF][Land Use][Emissions][N2O][kt][no source][no method][no target][no option][no type]
B233A4F8-DED8-4D27-A92A-D9481D6C026D,[Managed Waste Disposal Sites][Waste][Emissions][CH4][kt][no source][no method][no target][no option][no type]
17B02D26-3C0E-4219-9623-EF4D4381B444,[Unmanaged Waste Disposal Sites][Waste][Emissions][CH4][kt][no source][no method][no target][no option][no type]
9C5AC171-67D3-42D4-8D5F-0CFE5D2CE8E6,[Uncategorized Waste Disposal Sites][Waste][Emissions][CH4][kt][no source][no method][no target][no option][no type]
D344E699-BEF5-4B7D-88A5-FFC3C2DF7C0C,[Waste Composting][Waste][Emissions][CH4][kt][no source][no method][no target][no option][no type]
6F39CB35-2C89-47E3-B126-38DF3F4ACCEF,[Waste Composting][Waste][Emissions][N2O][kt][no source][no method][no target][no option][no type]
90AC54DB-708C-4323-94E6-5FE20F6F36F2,[Anaerobic Digestion at Biogas Facilities][Waste][Emissions][CH4][kt][no source][no method][no target][no option][no type]
F720FAE6-F86A-4A4A-B0BB-DFD615CDD14A,[Anaerobic Digestion at Biogas Facilities][Waste][Emissions][N2O][kt][no source][no method][no target][no option][no type]
C22E0604-4DC5-4DF0-A6B5-58C30EBDD075,[Waste Incineration][Waste][Emissions][CH4][kt][no source][no method][no target][no option][Non-biogenic]
21D9EAE2-D755-4E27-BB38-1DDE21931709,[Waste Incineration][Waste][Emissions][CO2][kt][no source][no method][no target][no option][Non-biogenic]
FD206662-7FF8-4322-891F-16634C707462,[Waste Incineration][Waste][Emissions][N2O][kt][no source][no method][no target][no option][Non-biogenic]
9CB74E5D-D3A8-40A6-AA99-E328A578E701,[Open Burning of Waste][Waste][Emissions][CH4][kt][no source][no method][no target][no option][Non-biogenic]
110A3264-3E02-43E2-9D2D-3DAB21D575A3,[Open Burning of Waste][Waste][Emissions][CO2][kt][no source][no method][no target][no option][Non-biogenic]
CE315F4B-E4CB-4704-B810-444628331CBC,[Open Burning of Waste][Waste][Emissions][N2O][kt][no source][no method][no target][no option][Non-biogenic]
63976506-7A21-4DBA-953B-0BE2C1DDA2DD,[Wastewater Treatment and Discharge][Domestic Wastewater][Emissions][CH4][kt][no source][no method][no target][no option][no type]
65DFBD6D-9AF1-44AC-A9E9-5D8B7733740A,[Wastewater Treatment and Discharge][Domestic Wastewater][Emissions][N2O][kt][no source][no method][no target][no option][no type]
368377BC-AD2E-41C4-B6A0-BB50CE75B127,[Wastewater Treatment and Discharge][Industrial Wastewater][Emissions][CH4][kt][no source][no method][no target][no option][no type]
420471DA-3BF2-4078-8EF8-B428B9A52ABD,[Wastewater Treatment and Discharge][Industrial Wastewater][Emissions][N2O][kt][no source][no method][no target][no option][no type]
DA46AC2D-2728-4558-AFB1-833617B33C3D,[Wastewater Treatment and Discharge][Other Wastewater][Emissions][N2O][kt][no source][no method][no target][no option][no type]
6C31CD15-D42F-4CD8-8ECF-47DF1753A0E8,[Other Disposal][Waste][Emissions][CH4][kt][no source][no method][no target][no option][no type]
66EC887D-D484-4054-B970-4E62FEE0AB26,[Other Disposal][Waste][Emissions][CO2][kt][no source][no method][no target][no option][no type]
4E948160-C1A6-4B13-8213-F0D51F7C8AFE,[Other Disposal][Waste][Emissions][N2O][kt][no source][no method][no target][no option][no type]
